{
  "packages": [
    {
      "name": "education_boards",
      "maintainer": "STEAMx Lab",
      "websiteUrl": "https://aifarm.dev/",
      "Url": "https://raw.githubusercontent.com/e20200426/Education-Boards/main/package_Education_index.json",
      "email": "INFO@AIFARM.DEV",
      "platforms": [
        {
          "name": "Education Boards",
          "architecture": "avr",
          "version": "1.0.0",
          "deprecated": false,
          "category": "Contributed",
          "url": "https://github.com/e20200426/Education-Boards/blob/main/Edu_boards_1.0.0.zip?raw=true",
          "archiveFileName": "Edu_boards_1.0.0.zip",
          "checksum": "SHA-256:79c689d8faa4eee135eaf9837afe7f3601d1c3b58fc9635382211fab64ed779e",
          "size": "8585413",
          "boards": [
            {
              "name": "MICRO:MO"
            },
            {
              "name": "MICRO:BOT"
            }
          ],
          "help": {},
          "toolsDependencies": [
            {
              "packager": "arduino",
              "name": "arduinoOTA",
              "version": "1.3.0"
            },
            {
              "packager": "arduino",
              "name": "avr-gcc",
              "version": "7.3.0-atmel3.6.1-arduino7"
            },
            {
              "packager": "arduino",
              "name": "avrdude",
              "version": "6.3.0-arduino17"
            }
          ],
          "discoveryDependencies": [],
          "monitorDependencies": []
        }
      ],
      "tools": [],
      "help": {}
    }
  ],
  "IsTrusted": false
}